<?xml version="1.0" encoding="UTF-8"?>
<!DOCTYPE suite SYSTEM "https://testng.org/testng-1.0.dtd">
<suite name="Suite"  parallel="tests" > <!--  parallel="tests" -->
<listeners> 
        <listener class-name="Academy.Listeners"/>
          </listeners>

	<test name="HomePageLoginTest">
		<classes>
			<class name="Academy.HomePage" />
		</classes>
	</test>
	
	
	<test name="LogoValidationTest">
		<classes>
			<class name="Academy.Logo" />
		</classes>
	</test>

	<test name="NavigationBarValidation">
		<classes>
			<class name="Academy.NavigationBarValidation" />
		</classes>
	</test>
	<test name="LoginHeadingValidation">
		<classes>
			<class name="Academy.LoginHeadingValidation" />
		</classes>
	</test> 
	
	
</suite> <!-- Suite -->
